<?xml version="1.0" encoding="UTF-8"?>
<beans xmlns="http://www.springframework.org/schema/beans"
	xmlns:context="http://www.springframework.org/schema/context" xmlns:p="http://www.springframework.org/schema/p"
	xmlns:aop="http://www.springframework.org/schema/aop" xmlns:tx="http://www.springframework.org/schema/tx"
	xmlns:xsi="http://www.w3.org/2001/XMLSchema-instance"
	xmlns:task="http://www.springframework.org/schema/task"
	xsi:schemaLocation="http://www.springframework.org/schema/beans http://www.springframework.org/schema/beans/spring-beans-4.0.xsd
	http://www.springframework.org/schema/context http://www.springframework.org/schema/context/spring-context-4.0.xsd
	http://www.springframework.org/schema/aop http://www.springframework.org/schema/aop/spring-aop-4.0.xsd http://www.springframework.org/schema/tx http://www.springframework.org/schema/tx/spring-tx-4.0.xsd
	http://www.springframework.org/schema/util http://www.springframework.org/schema/util/spring-util-4.0.xsd
	http://www.springframework.org/schema/task http://www.springframework.org/schema/task/spring-task-4.1.xsd">
	
	<!-- 加载配置文件 -->
	<context:property-placeholder location="classpath:properties/*.properties" />
	
	<!-- 真正可以产生Connection的ConnectionFactory，由对应的 JMS服务厂商提供 -->
	<bean id="targetConnectionFactory" class="org.apache.activemq.ActiveMQConnectionFactory">
		<!-- ActiveMQ服务地址 -->
        <property name="brokerURL" value="${mq.brokerURL}" />
        <property name="userName" value="${mq.userName}"></property>
        <property name="password" value="${mq.password}"></property> 
        <!-- 这里定义重试策略,注意：只有持久化的才会重试-->  
        <property name="redeliveryPolicyMap" ref="redeliveryPolicyMap"/>
	</bean>
	
	<!--这里设置各个消息队列的重发机制-->  
    <bean id="redeliveryPolicyMap" class="org.apache.activemq.broker.region.policy.RedeliveryPolicyMap">  
        <property name="redeliveryPolicyEntries">  
            <list>  
                <ref bean="bizRedeliveryPolicy"/>  
                <!--这里可以设置多个  -->
                <!-- <ref bean="bizRedeliveryPolicy2"/>   -->
            </list>  
        </property>  
    </bean>
    
    <bean id="bizRedeliveryPolicy" class="org.apache.activemq.RedeliveryPolicy">  
        <!--重发次数 延时、延时系数、延时指数开关、目标（重发等待时间1s, 2s, 4s, 8s）-->  
        <property name="maximumRedeliveries" value="3"/>  
        <property name="redeliveryDelay" value="1000"/>  
        <property name="backOffMultiplier" value="2"/>  
        <property name="useExponentialBackOff" value="true"/>  
        <property name="destination" ref="destination"/>  
    </bean>  
	
	<!-- 
    	ActiveMQ为我们提供了一个PooledConnectionFactory，通过往里面注入一个ActiveMQConnectionFactory
    	可以用来将Connection、Session和MessageProducer池化，这样可以大大的减少我们的资源消耗。
    	要依赖于 activemq-pool包
     -->
	<bean id="pooledConnectionFactory" class="org.apache.activemq.pool.PooledConnectionFactory">
		<property name="connectionFactory" ref="targetConnectionFactory" />
		<property name="maxConnections" value="${mq.pool.maxConnections}" />
	</bean>
	
	<!-- Spring用于管理真正的ConnectionFactory的ConnectionFactory -->
	<bean id="connectionFactory" class="org.springframework.jms.connection.SingleConnectionFactory">
		<!-- 目标ConnectionFactory对应真实的可以产生JMS Connection的ConnectionFactory -->
		<property name="targetConnectionFactory" ref="pooledConnectionFactory" />
		<property name="reconnectOnException" value="true"/>
	</bean>
	
	<!-- Spring提供的JMS工具类，它可以进行消息发送、接收等 -->
	
	<!-- 队列模板 -->
	<bean id="activeMqJmsTemplate" class="org.springframework.jms.core.JmsTemplate">  
	    <!-- 这个connectionFactory对应的是我们定义的Spring提供的那个ConnectionFactory对象 -->  
	    <property name="connectionFactory" ref="connectionFactory"/>  
	    <property name="defaultDestination" ref="destination"/>
	    <!-- 使 deliveryMode, priority, timeToLive设置生效-->
        <property name="explicitQosEnabled" value="true" />
        <!-- 持久化 如果设置为非持久化MQ服务器重启后MQ中的数据会丢失-->
        <property name="deliveryPersistent" value="true"/>
        <!--这里注意:如果不开启事务，消息在异常的情况下是不会重试的-->
        <property name="sessionTransacted" value="true"/>
	</bean> 
	
	<bean id="producerMessageSender" class="com.ryx.amq.ProducerMessageSender"/>
	
	<!--目的地,就是要监听的队列  -->
	<bean id="destination" class="org.apache.activemq.command.ActiveMQQueue">
		<constructor-arg index="0" value="${queueName}" />
	</bean>
	
	<!--这个是sessionAwareQueue目的地 -->
	<bean id="sessionAwareQueue" class="org.apache.activemq.command.ActiveMQQueue">
		<constructor-arg>
			<value>${queueName}</value>
		</constructor-arg>
	</bean>
	
	<!-- 可以获取session的MessageListener -->
	<bean id="consumerSessionAwareMessageListener" class="com.ryx.amq.ConsumerSessionAwareMessageListener"/>

	<bean id="sessionAwareListenerContainer" class="org.springframework.jms.listener.DefaultMessageListenerContainer">
		<property name="connectionFactory" ref="connectionFactory" />
		<property name="destination" ref="sessionAwareQueue" />
		<property name="messageListener" ref="consumerSessionAwareMessageListener" />
		<!-- 这里注意:如果不开启事务，消息在异常的情况下是不会重试的 -->
		<property name="sessionTransacted" value="true"></property>
		<!-- 设置固定的线程数 -->
		<!-- <property name="concurrentConsumers" value="3"></property> -->
		<!-- 设置动态的线程数 -->
		<property name="concurrency" value="2-3"></property>
		<!-- 设置最大的线程数 -->
		<!-- <property name="maxConcurrentConsumers" value="3"></property> -->
	</bean>
	
</beans>
