<?xml version="1.0" encoding="UTF-8"?>
<beans xmlns="http://www.springframework.org/schema/beans"
	xmlns:context="http://www.springframework.org/schema/context" xmlns:p="http://www.springframework.org/schema/p"
	xmlns:aop="http://www.springframework.org/schema/aop" xmlns:tx="http://www.springframework.org/schema/tx"
	xmlns:xsi="http://www.w3.org/2001/XMLSchema-instance"
	xsi:schemaLocation="http://www.springframework.org/schema/beans http://www.springframework.org/schema/beans/spring-beans-4.0.xsd
	http://www.springframework.org/schema/context http://www.springframework.org/schema/context/spring-context-4.0.xsd
	http://www.springframework.org/schema/aop http://www.springframework.org/schema/aop/spring-aop-4.0.xsd http://www.springframework.org/schema/tx http://www.springframework.org/schema/tx/spring-tx-4.0.xsd
	http://www.springframework.org/schema/util http://www.springframework.org/schema/util/spring-util-4.0.xsd">
    
    <!-- 定义JobDetail的Bean -->
    <bean id="jobDetail" class="org.springframework.scheduling.quartz.JobDetailFactoryBean">    
            <!-- 指定任务Bean的实现类 -->    
            <property name="jobClass" value="com.quartz.component.QuartzDetail"/>    
            <!-- 指定job的名称 -->
            <property name="name" value="myJob"/>
            <!-- 指定job的分组 -->
            <property name="group" value="jobs"/>
            <!-- 必须设置为true,如果为false 当没有活动的触发器与之关联时会在调度器中删除该任务 -->
            <property name="durability" value="true"/>
            <!-- 测试是无法注入spring的Bean 所以注入spring上下文 -->    
            <property name="applicationContextJobDataKey" value="applicationContext"/>
     </bean>  
    
    <!-- 定义触发器的Bean -->
    <bean id="quartzDetail" class="org.springframework.scheduling.quartz.CronTriggerFactoryBean">
		    <!-- 指定jobDetail -->    
		    <property name="jobDetail" ref="jobDetail"/>    
		    <!-- 指定Cron表达式：每10秒执行一次 -->    
		    <property name="cronExpression" value="*/1 * * * * ?"/>    
	</bean>    
<!-- 执行实际的调度器-->    
<bean class="org.springframework.scheduling.quartz.SchedulerFactoryBean">    
    <property name="triggers">    
        <list>    
            <ref bean="quartzDetail"/>    
        </list>    
    </property>    
</bean>
    
</beans> 