<?xml version="1.0" encoding="UTF-8"?>
<beans xmlns="http://www.springframework.org/schema/beans"
	xmlns:context="http://www.springframework.org/schema/context" xmlns:p="http://www.springframework.org/schema/p"
	xmlns:aop="http://www.springframework.org/schema/aop" xmlns:tx="http://www.springframework.org/schema/tx"
	xmlns:xsi="http://www.w3.org/2001/XMLSchema-instance"
	xsi:schemaLocation="http://www.springframework.org/schema/beans http://www.springframework.org/schema/beans/spring-beans-4.0.xsd
	http://www.springframework.org/schema/context http://www.springframework.org/schema/context/spring-context-4.0.xsd
	http://www.springframework.org/schema/aop http://www.springframework.org/schema/aop/spring-aop-4.0.xsd http://www.springframework.org/schema/tx http://www.springframework.org/schema/tx/spring-tx-4.0.xsd
	http://www.springframework.org/schema/util http://www.springframework.org/schema/util/spring-util-4.0.xsd">
    
    
    <!--作业的具体实现    -->    
    <bean id="autoTask" class="com.quartz.component.QuartzAutoTask" />    
    
     <!-- task -->    
    <!-- 定义了一个任务JobDetail -->    
    <bean id="quartzEat" class="org.springframework.scheduling.quartz.MethodInvokingJobDetailFactoryBean">    
    	<!-- 指定要执行的类 -->
        <property name="targetObject" ref="autoTask" />    
        <!-- 指定执行的方法 -->
         <property name="targetMethod" value="eat" />    
    </bean>    
        
    <bean id="quartzSleep" class="org.springframework.scheduling.quartz.MethodInvokingJobDetailFactoryBean">    
    	<!-- 指定要执行的类 -->
        <property name="targetObject" ref="autoTask" />    
        <!-- 指定执行的方法 -->
         <property name="targetMethod" value="sleep" />    
    </bean>    
    
    <!-- 调度定时任务 的触发器-->    
    <!-- 这种配置可以精确几点执行定时任务 -->    
    <bean id="cronQuartzEat" class="org.springframework.scheduling.quartz.CronTriggerFactoryBean">    
        <property name="jobDetail">    
            <ref bean="quartzEat"></ref>    
        </property>    
        <property name="cronExpression">  
        	<!--每隔5秒触发一次  -->  
            <value>*/5 * * * * ?</value>    
        </property>    
    </bean>    
        
    <bean id="cronQuartzSleep" class="org.springframework.scheduling.quartz.CronTriggerFactoryBean">    
        <property name="jobDetail">    
            <ref bean="quartzSleep"></ref>    
        </property>    
        <property name="cronExpression">    
            <!--每隔10秒触发一次  -->  
            <value>*/10 * * * * ?</value>  
        </property>    
    </bean>    
    
    <!--启动定时任务的调度器,注意这里的ref bean -->    
    <bean id="schedulerFactoryBean" lazy-init="false" autowire="no"    
        class="org.springframework.scheduling.quartz.SchedulerFactoryBean">    
        <property name="triggers">    
            <list>    
                <ref bean="cronQuartzEat"></ref>    
                <ref bean="cronQuartzSleep"></ref>    
            </list>    
        </property>    
    </bean>    
</beans> 