<?xml version="1.0" encoding="UTF-8"?>
<beans xmlns="http://www.springframework.org/schema/beans"
	xmlns:xsi="http://www.w3.org/2001/XMLSchema-instance" xmlns:p="http://www.springframework.org/schema/p"
	xmlns:context="http://www.springframework.org/schema/context"
	xmlns:mvc="http://www.springframework.org/schema/mvc"
	xsi:schemaLocation="http://www.springframework.org/schema/beans http://www.springframework.org/schema/beans/spring-beans.xsd
        http://www.springframework.org/schema/mvc http://www.springframework.org/schema/mvc/spring-mvc-4.0.xsd
        http://www.springframework.org/schema/context http://www.springframework.org/schema/context/spring-context.xsd">

	<!-- 自动扫描该包，使SpringMVC认为包下用了@controller注解的类是控制器 -->  
    <context:component-scan base-package="com.*.*.controller" use-default-filters="false" >
  		<context:include-filter type="annotation" expression="org.springframework.stereotype.Controller"/>
	    <context:include-filter type="annotation" expression="org.springframework.web.bind.annotation.ControllerAdvice"/> 
    </context:component-scan>
    
    <!--注解驱动  -->
	<mvc:annotation-driven />
	
	<!-- 静态资源处理  css js imgs 在WEB-INF下 不映射找不到 -->
    <mvc:resources mapping="/images/**" location="/WEB-INF/images/" />
    <mvc:resources mapping="/js/**" location="/WEB-INF/js/" />
    <mvc:resources mapping="/css/**" location="/WEB-INF/css/" />
    
	<!-- 配置springMvc对静态资源的访问 -->
	<mvc:default-servlet-handler />
	
	<!-- 配置文件上传，如果没有使用文件上传可以不用配置，当然如果不配，那么配置文件中也不必引入上传组件包 -->  
    <bean id="multipartResolver"    
        class="org.springframework.web.multipart.commons.CommonsMultipartResolver">    
        <!-- 默认编码 -->  
        <property name="defaultEncoding" value="utf-8" />    
        <!-- 文件大小最大值 -->  
        <property name="maxUploadSize" value="10485760000" />    
        <!-- 内存中的最大值 -->  
        <property name="maxInMemorySize" value="4096000" />    
        <!-- 启用是为了推迟文件解析，以便捕获文件大小异常-->
        <property name="resolveLazily" value="true"/> 
    </bean>
    
    <!--定义视图解析器-->  
    <bean class="org.springframework.web.servlet.view.InternalResourceViewResolver">  
        <!-- 这里的配置我的理解是自动给后面action的方法return的字符串加上前缀和后缀，变成一个 可用的url地址 -->  
        <property name="prefix" value="/WEB-INF/jsp/" />  
        <property name="suffix" value=".jsp" />  
    </bean> 
	
	<!--避免出现返回JSON时,变成了下载文件  -->
	<bean id="jacksonMessageConverter" class="org.springframework.http.converter.json.MappingJackson2HttpMessageConverter"></bean>
	 <bean class="org.springframework.web.servlet.mvc.annotation.AnnotationMethodHandlerAdapter">
	<property name="messageConverters">
	  <list>
	    <ref bean="jacksonMessageConverter"/>
	  </list>
	</property>
	</bean>
</beans>
