<?xml version="1.0" encoding="UTF-8" standalone="no"?>
<!DOCTYPE properties SYSTEM "http://java.sun.com/dtd/properties.dtd">
<properties>
<entry key="profiler.settings.instrument.empty.methods">true</entry>
<entry key="ProfilerCPUSettings_profile_runnables">true</entry>
<entry key="ProfilerCPUSettings_filter_type">2</entry>
<entry key="ProfilerMemorySettings_track_every">10</entry>
<entry key="ProfilerMemorySettings_mode">4</entry>
<entry key="ProfilerCPUSettings_root_classes">com.ryx.amq.**
com.ryx.global.**
com.ryx.test.**
com.ryx.verify.controller.**
com.ryx.verify.mapper.**
com.ryx.verify.service.**
</entry>
<entry key="ProfilerCPUSettings_filter_value">com.ryx.amq.*,
com.ryx.global.*,
com.ryx.test.*,
com.ryx.verify.controller.*,
com.ryx.verify.mapper.*,
com.ryx.verify.service.*</entry>
<entry key="profiler.settings.istrument.getter.setter.methods">true</entry>
<entry key="myeclipse.profiling.mode">0</entry>
<entry key="ProfilerMemorySettings_stacktraces">-1</entry>
</properties>
